MSE,RMSE,MAE,R2
0.1547473669052124,0.39337941850739017,0.3486432433128357,-1.2166119
