MSE,RMSE,MAE,R2
0.0001308176142629236,0.01143755280918622,0.001982121029868722,0.9860665202140808
