MSE,RMSE,MAE,R2,MSE_cal,RMSE_cal,MAE_cal,R2_cal
0.005839196033775806,0.07641463232768843,0.029391832649707794,0.8982771039009094,0.0011257794685661793,0.03355263728183195,0.015601548366248608,0.9803881049156189
